{
  "joueur1": {
    "x": 0.673374613003096,
    "y": 0.014038876889848811
  }
}